{
  "graph_info": {
    "total_papers": 215,
    "total_edges": 9245,
    "average_edges_per_paper": 43.0,
    "graph_density": 0.20093457943925233
  },
  "similarity_distribution": {
    "mean": 0.9957013130187988,
    "median": 0.9957312345504761,
    "std": 0.0019602973479777575,
    "min": 0.986333429813385,
    "max": 0.9997791647911072,
    "percentiles": {
      "80th": 0.9974943995475769,
      "90th": 0.9983087182044983,
      "95th": 0.9988843202590942
    }
  },
  "edge_distribution": {
    "mean_edges": 43.0,
    "median_edges": 43.0,
    "min_edges": 43,
    "max_edges": 43
  }
}